{"cameraMode":{"drawMode":0,"name":"Shaded","section":"Shading Mode"},"sceneLighting":false,"audioPlay":false,"sceneViewState":{"showFog":true,"showMaterialUpdate":false,"showSkybox":true,"showFlares":true,"showImageEffects":true,"showParticleSystems":true},"in2DMode":false,"pivot":{"x":6.447999954223633,"y":0.11288999021053314,"z":-0.4339999854564667},"rotation":{"x":-0.13360388576984406,"y":-0.2945905029773712,"z":0.041635170578956607,"w":-0.9453216195106506},"size":0.4667898118495941,"orthographic":false}