{"cameraMode":{"drawMode":0,"name":"Shaded","section":"Shading Mode"},"sceneLighting":true,"audioPlay":false,"sceneViewState":{"showFog":true,"showMaterialUpdate":false,"showSkybox":true,"showFlares":true,"showImageEffects":true,"showParticleSystems":true},"in2DMode":false,"pivot":{"x":0.6325397491455078,"y":0.4514155387878418,"z":-3.5223615169525148},"rotation":{"x":-0.14313021302223206,"y":-0.5216559171676636,"z":0.0892791748046875,"w":-0.8363122344017029},"size":15.4981689453125,"orthographic":false}